{"cameraMode":{"drawMode":0,"name":"Shaded","section":"Shading Mode"},"sceneLighting":false,"audioPlay":false,"sceneViewState":{"m_AlwaysRefresh":false,"showFog":true,"showSkybox":false,"showFlares":true,"showImageEffects":true,"showParticleSystems":true,"showVisualEffectGraphs":true,"m_FxEnabled":false},"in2DMode":false,"pivot":{"x":-10.093832969665528,"y":1.0986590385437012,"z":2.030827760696411},"rotation":{"x":-0.00010717698751250282,"y":0.9954929351806641,"z":-0.09525927901268006,"w":-0.0008797090267762542},"size":2.0089478492736818,"orthographic":true}